{"cameraMode":{"drawMode":0,"name":"Shaded","section":"Shading Mode"},"sceneLighting":true,"audioPlay":false,"sceneViewState":{"m_AlwaysRefresh":false,"showFog":true,"showSkybox":true,"showFlares":true,"showImageEffects":true,"showParticleSystems":true,"showVisualEffectGraphs":true,"m_FxEnabled":true},"in2DMode":false,"pivot":{"x":1.9294977188110352,"y":-1.6012835502624512,"z":0.018097400665283204},"rotation":{"x":-0.15686337649822236,"y":-0.45008471608161929,"z":0.08065089583396912,"w":-0.8753964900970459},"size":7.394535541534424,"orthographic":false}